check_id,status,seconds,retried
pickup_slot_list,pass,1.4,false
pickup_slot_book,pass,2.2,false
pickup_slot_cancel,pass,1.9,false
ready_message_en,pass,3.1,false
ready_message_fr,pass,3.4,true
pickup_code_shown_once,pass,2.0,false
pickup_code_other_customer,fail,2.7,false
store_hours_toronto,pass,0.9,false
store_map_link,pass,1.1,false
id_check_reminder,pass,1.3,false
late_pickup_notice,pass,2.6,false
pickup_window_48h,pass,1.8,false
reschedule_once,pass,2.4,true
pickup_by_friend,skipped,,false
parcel_locker_option,pass,3.9,false
weekend_hours,pass,1.0,false
holiday_closure,pass,1.2,false
ready_sms,pass,2.9,false
ready_email,pass,2.5,false
order_status_pickup,pass,2.1,false
refund_after_no_show,pass,4.6,false
